mtbf_days,mtbf_std,mtbf_trend,mttr_min,days_since_last_bd,bd_freq_30d,avg_avail_7d,avg_avail_30d,avg_tonnage_7d,delay_min_7d,delay_min_30d,delay_diversity,machine_id,rul_days
0.0,0.0,0.0,23.33,26.0,3,100.0,43.75,0.0,0.0,270.0,9,0,1.0
2.6,8.22,0.0,25.91,1.0,11,40.04,40.99,232.05,865.0,1135.0,11,0,1.0
1.93,6.93,0.0,22.33,1.0,15,42.35,42.56,239.24,1655.0,1925.0,11,0,1.0
1.27,5.53,0.0,26.74,1.0,23,39.46,39.91,219.65,2595.0,2865.0,11,0,1.0
1.04,4.9,0.0,36.21,1.0,29,38.26,38.71,209.56,3540.0,3810.0,11,0,1.0
0.91,4.52,0.0,39.71,1.0,31,37.41,37.41,206.74,4190.0,4190.0,11,0,1.0
0.82,4.21,0.0,37.31,1.0,36,38.84,38.84,213.29,4965.0,4965.0,11,0,1.0
0.74,3.96,0.0,35.57,1.0,41,40.34,40.34,220.9,5685.0,5685.0,11,0,1.0
0.67,3.71,0.0,35.4,1.0,47,40.87,40.75,220.86,5635.0,6500.0,11,0,1.0
0.63,3.54,0.0,33.64,1.0,52,41.87,41.99,227.57,5535.0,7190.0,11,0,1.0
0.6,3.41,0.0,32.29,1.0,56,44.71,42.98,244.57,5280.0,7875.0,11,0,1.0
0.57,3.28,0.0,30.7,1.0,61,45.98,42.96,253.05,5155.0,8695.0,12,0,1.0
0.54,3.13,0.0,33.5,1.0,67,45.31,42.03,251.09,5480.0,9670.0,13,0,1.0
0.2,0.45,0.0,20.0,564.0,0,100.0,100.0,0.0,0.0,0.0,0,1,1.0
94.17,230.17,564.0,20.0,1.0,1,45.83,45.83,282.87,260.0,260.0,8,1,3.0
62.89,187.92,0.0,30.0,3.0,4,33.93,33.93,217.67,620.0,620.0,8,1,1.0
51.73,169.9,0.0,28.75,1.0,6,38.09,38.09,293.46,1450.0,1450.0,8,1,1.0
28.5,126.05,0.0,36.9,1.0,15,34.94,34.94,289.08,2450.0,2450.0,8,1,1.0
23.79,115.07,0.0,34.2,1.0,19,37.7,37.7,314.94,3230.0,3230.0,8,1,1.0
19.07,102.92,0.0,32.9,1.0,25,38.35,38.85,331.76,3775.0,4035.0,8,1,1.0
16.85,96.68,0.0,44.0,1.0,29,39.87,39.08,352.42,4405.0,5025.0,8,1,1.0
15.51,92.68,0.0,41.97,1.0,32,41.77,40.88,374.73,5105.0,5725.0,8,1,1.0
13.69,86.99,0.0,41.74,1.0,37,40.12,39.53,381.09,6085.0,6705.0,9,1,1.0
11.76,80.54,0.0,44.1,1.0,44,37.93,37.96,366.2,6280.0,7730.0,10,1,1.0
10.12,74.67,0.0,53.62,1.0,52,36.04,35.73,358.04,6530.0,8980.0,10,1,1.0
9.63,72.78,0.0,51.97,1.0,55,34.99,35.94,354.77,6640.0,9870.0,11,1,1.0
8.91,69.93,0.0,50.45,1.0,60,32.84,35.27,339.12,6845.0,10880.0,12,1,1.0
8.17,66.91,0.0,48.12,1.0,66,31.54,34.74,327.91,6865.0,11890.0,12,1,1.0
7.64,64.67,0.0,46.43,1.0,71,29.81,34.9,309.49,7070.0,12795.0,12,1,1.0
7.19,62.64,0.0,45.79,1.0,76,29.75,34.65,291.91,7060.0,13765.0,12,1,1.0
6.86,61.15,0.0,44.59,1.0,80,32.15,35.28,320.8,6830.0,14560.0,12,1,1.0
6.49,59.43,0.0,43.68,1.0,85,34.12,35.02,337.9,6560.0,15540.0,12,1,1.0
6.29,58.46,0.0,43.03,1.0,88,33.04,34.72,335.04,6670.0,16540.0,12,1,1.0
6.1,57.54,0.0,42.27,1.0,91,33.54,34.6,340.77,6635.0,17515.0,12,1,1.0
5.87,56.38,0.0,41.34,1.0,95,34.31,34.58,348.67,6555.0,18445.0,12,1,1.0
5.65,55.28,0.0,41.76,1.0,99,33.82,34.53,348.06,6605.0,19400.0,12,1,1.0
5.35,53.76,0.0,46.98,1.0,105,31.94,33.78,342.95,6915.0,20680.0,12,1,1.0
5.18,52.8,0.0,46.0,1.0,109,31.08,33.98,328.69,7005.0,21565.0,12,1,1.0
5.05,52.12,0.0,45.21,1.0,112,32.09,34.17,350.55,6910.0,22450.0,12,1,1.0
4.81,50.84,0.0,45.73,1.0,118,32.6,34.13,338.26,6870.0,23410.0,12,1,1.0
4.63,49.83,0.0,44.65,1.0,123,34.19,34.49,338.99,6720.0,24235.0,12,1,1.0
4.5,49.07,0.0,45.34,1.0,127,33.21,34.24,328.91,6505.0,24950.0,12,1,1.0
4.25,47.65,0.0,46.06,1.0,134,30.82,33.47,316.23,6720.0,25860.0,12,1,1.0
4.14,46.98,0.0,46.93,1.0,135,33.07,33.6,321.14,6110.0,26170.0,12,1,1.0
4.06,46.5,0.0,46.32,1.0,138,33.49,33.87,309.56,5755.0,26700.0,12,1,1.0
3.88,45.43,0.0,45.97,1.0,145,32.8,33.88,267.63,5820.0,27650.0,12,1,1.0
3.77,44.71,0.0,45.47,1.0,148,33.93,33.88,280.42,5720.0,27680.0,12,1,1.0
3.7,44.3,0.0,46.75,1.0,142,30.35,33.64,263.04,5350.0,27135.0,12,1,1.0
3.6,43.63,0.0,48.27,1.0,143,30.64,33.07,261.91,5690.0,27410.0,12,1,1.0
3.56,43.37,0.0,47.94,1.0,139,34.12,32.86,269.48,5420.0,27505.0,12,1,1.0
3.41,42.38,0.0,46.99,1.0,143,33.3,32.54,283.34,5760.0,27525.0,12,1,1.0
3.3,41.68,0.0,46.93,1.0,146,31.51,31.84,283.15,6240.0,27835.0,13,1,1.0
3.18,40.9,0.0,46.7,1.0,148,30.59,31.71,300.02,6315.0,27880.0,12,1,1.0
3.12,40.48,0.0,47.18,1.0,145,27.59,31.52,291.66,6235.0,27635.0,12,1,1.0
3.05,39.97,0.0,46.45,1.0,142,30.03,32.2,312.49,6700.0,27305.0,12,1,1.0
2.97,39.38,0.0,46.0,1.0,145,30.95,32.11,333.88,6580.0,27350.0,11,1,1.0
2.87,38.72,0.0,48.52,1.0,147,28.67,31.83,330.75,6930.0,27590.0,11,1,1.0
2.75,37.84,0.0,48.09,1.0,151,28.03,31.68,325.92,6975.0,27635.0,11,1,1.0
2.7,37.51,0.0,47.6,1.0,150,29.45,31.78,336.41,6830.0,27595.0,11,1,1.0
2.65,37.1,0.0,47.0,1.0,150,30.51,31.91,336.73,6725.0,27545.0,11,1,1.0
2.6,36.7,0.0,46.37,1.0,151,32.53,31.62,342.48,6860.0,27665.0,11,1,1.0
2.55,36.32,0.0,46.22,1.0,151,31.83,31.62,333.23,6930.0,27675.0,12,1,1.0
2.5,35.95,0.0,47.55,1.0,153,29.89,31.32,307.78,7125.0,27805.0,12,1,1.0
2.44,35.52,0.0,48.95,1.0,156,29.25,30.75,307.77,7145.0,28100.0,12,1,1.0
2.38,35.04,0.0,49.69,1.0,159,29.04,30.36,303.53,7195.0,28275.0,12,1,1.0
2.31,34.51,0.0,49.42,1.0,163,27.97,30.31,287.62,7305.0,28295.0,12,1,1.0
2.26,34.06,0.0,48.78,1.0,164,27.96,30.92,273.31,7315.0,27945.0,12,1,1.0
2.22,33.76,0.0,48.8,1.0,165,28.12,30.88,251.03,7300.0,27960.0,12,1,1.0
2.18,33.4,0.0,48.65,1.0,168,28.33,30.7,236.85,7280.0,28045.0,12,1,1.0
2.13,33.0,0.0,48.86,1.0,169,28.99,30.44,234.61,7205.0,28140.0,12,1,1.0
2.08,32.55,0.0,48.54,1.0,172,31.88,30.21,221.75,6840.0,28220.0,13,1,1.0
2.04,32.23,0.0,48.03,1.0,174,34.48,30.75,217.69,6565.0,28335.0,13,1,1.0
2.0,31.87,0.0,48.9,1.0,173,34.16,31.15,216.55,6655.0,28230.0,13,1,1.0
1.96,31.52,0.0,48.63,1.0,176,34.09,31.22,225.33,6650.0,28485.0,13,1,1.0
1.94,31.33,0.0,48.26,1.0,177,34.2,31.14,248.92,6620.0,28825.0,13,1,1.0
1.93,31.23,0.0,48.06,1.0,172,35.05,31.29,266.8,6510.0,28735.0,13,1,1.0
1.89,30.95,0.0,48.05,1.0,173,35.85,31.0,280.62,6435.0,28855.0,13,1,1.0
1.88,30.76,0.0,48.56,1.0,174,34.05,31.05,288.36,6660.0,29530.0,14,1,1.0
1.85,30.49,0.0,48.0,1.0,175,32.6,31.19,303.14,6790.0,29435.0,14,1,1.0
1.81,30.14,0.0,47.44,1.0,181,32.31,30.89,310.82,6760.0,29570.0,14,1,1.0
1.77,29.84,0.0,46.96,1.0,180,32.21,31.05,316.62,6785.0,29510.0,14,1,1.0
1.74,29.51,0.0,46.49,1.0,182,31.44,31.14,312.98,6890.0,29475.0,14,1,1.0
1.7,29.2,0.0,46.07,1.0,183,30.2,31.17,308.95,7040.0,29460.0,14,1,1.0
1.67,28.93,0.0,48.07,1.0,186,28.43,31.08,292.29,7335.0,29955.0,13,1,1.0
1.65,28.66,0.0,47.9,1.0,188,28.65,30.69,304.11,7285.0,30115.0,13,1,1.0
1.64,28.55,0.0,47.66,1.0,185,29.81,30.91,306.45,7150.0,30005.0,13,1,1.0
1.62,28.41,0.0,47.35,1.0,182,31.16,31.45,313.12,7010.0,29650.0,13,1,1.0
1.6,28.23,0.0,46.96,1.0,177,32.21,32.0,316.66,6895.0,29430.0,13,1,1.0
1.58,27.98,0.0,46.99,1.0,180,31.79,31.66,316.73,6920.0,29565.0,13,1,1.0
1.56,27.81,0.0,46.7,1.0,180,33.48,31.83,326.61,6760.0,29495.0,13,1,1.0
1.54,27.58,0.0,46.4,1.0,182,35.55,31.78,346.49,6435.0,29530.0,13,1,1.0
1.5,27.26,0.0,46.32,1.0,187,35.13,31.46,338.8,6440.0,29625.0,12,1,1.0
1.48,27.0,0.0,46.13,1.0,190,33.3,31.71,333.02,6635.0,29515.0,13,1,1.0
1.45,26.7,0.0,46.1,1.0,194,31.69,32.02,323.04,6810.0,29315.0,13,1,1.0
1.43,26.55,0.0,45.79,1.0,192,27.88,31.67,320.53,6900.0,29135.0,13,1,1.0
1.42,26.41,0.0,45.46,1.0,189,28.4,31.71,321.48,6860.0,29120.0,13,1,1.0
1.39,26.09,0.0,45.13,1.0,193,26.03,31.24,309.75,7115.0,29295.0,14,1,1.0
1.37,25.87,0.0,44.71,1.0,196,25.28,30.96,308.54,7165.0,29395.0,14,1,1.0
1.35,25.63,0.0,44.57,1.0,199,25.58,30.68,309.26,7153.0,29498.0,14,1,1.0
1.32,25.4,0.0,44.43,1.0,201,24.53,30.48,288.87,7253.0,29563.0,14,1,1.0
1.3,25.19,0.0,44.22,1.0,201,24.95,30.25,281.18,7183.0,29658.0,14,1,1.0
1.29,25.07,0.0,44.32,1.0,200,26.76,29.77,274.15,7313.0,29883.0,14,1,1.0
1.29,24.99,0.0,44.36,1.0,196,26.51,29.84,262.02,7338.0,29803.0,14,1,1.0
1.28,24.87,0.0,44.21,1.0,194,27.79,29.75,262.76,7203.0,29848.0,14,1,1.0
1.26,24.7,0.0,44.08,1.0,197,28.27,29.59,262.74,7163.0,29938.0,14,1,1.0
1.25,24.61,0.0,44.0,1.0,199,29.97,29.56,267.67,6980.0,29968.0,14,1,1.0
1.24,24.47,0.0,43.82,1.0,199,29.47,29.08,281.58,7190.0,30318.0,14,1,1.0
1.24,24.4,0.0,44.04,1.0,198,28.47,29.05,285.71,6985.0,29983.0,13,1,1.0
1.23,24.29,0.0,44.75,1.0,197,27.54,28.67,272.71,7055.0,30148.0,13,1,1.0
1.21,24.15,0.0,44.56,1.0,195,29.08,29.12,281.48,6900.0,29943.0,13,1,1.0
1.21,24.04,0.0,44.35,1.0,193,30.9,29.43,283.61,6725.0,29788.0,13,1,1.0
1.19,23.89,0.0,44.24,1.0,192,31.67,29.6,283.34,6665.0,29713.0,13,1,1.0
1.18,23.79,0.0,45.44,1.0,189,29.4,29.37,270.44,7000.0,29928.0,12,1,1.0
1.17,23.68,0.0,45.28,1.0,187,32.73,29.96,279.63,6570.0,29553.0,12,1,1.0
1.17,23.58,0.0,45.17,1.0,185,34.57,30.31,294.62,6690.0,29388.0,12,1,1.0
1.16,23.48,0.0,45.05,1.0,187,37.13,30.21,316.57,6445.0,29443.0,12,1,1.0
1.15,23.35,0.0,44.86,1.0,189,35.3,30.0,319.26,6605.0,29538.0,12,1,1.0
1.14,23.22,0.0,44.81,1.0,191,32.57,29.52,316.56,6870.0,29763.0,12,1,1.0
1.12,23.04,0.0,44.78,1.0,193,30.47,29.32,308.59,7055.0,29848.0,12,1,1.0
1.11,22.93,0.0,44.83,1.0,194,30.51,28.76,312.43,6930.0,30098.0,12,1,1.0
1.1,22.81,0.0,45.34,1.0,193,28.42,28.34,297.3,7180.0,30298.0,12,1,1.0
1.1,22.76,0.0,45.21,1.0,186,28.96,28.9,295.28,7130.0,30078.0,12,1,1.0
1.09,22.7,0.0,45.08,1.0,181,29.03,29.2,292.93,7115.0,29923.0,12,1,1.0
1.09,22.65,0.0,44.96,1.0,174,29.6,29.5,291.83,7065.0,29793.0,13,1,1.0
1.08,22.57,0.0,44.93,1.0,173,30.88,30.23,286.04,6930.0,29793.0,14,1,1.0
1.08,22.5,0.0,44.77,1.0,172,33.14,30.4,294.34,6720.0,29708.0,15,1,1.0
1.07,22.43,0.0,44.65,1.0,165,35.56,30.98,303.37,6480.0,29463.0,15,1,1.0
1.07,22.33,0.0,44.89,1.0,163,35.84,30.84,294.93,6395.0,29528.0,15,1,1.0
1.06,22.24,0.0,44.77,1.0,159,35.67,31.33,310.58,6395.0,29320.0,15,1,1.0
1.05,22.12,0.0,44.66,1.0,157,32.3,31.21,314.46,6760.0,29430.0,16,1,1.0
1.05,22.07,0.0,44.56,1.0,152,32.62,31.47,315.4,6400.0,29010.0,16,1,1.0
1.04,21.95,0.0,44.72,1.0,154,28.28,30.71,314.29,6570.0,29050.0,16,1,1.0
1.03,21.85,0.0,44.64,1.0,157,27.3,30.7,309.91,6685.0,29055.0,16,1,1.0
1.02,21.75,0.0,44.48,1.0,158,25.74,30.53,301.57,6865.0,29125.0,15,1,1.0
1.02,21.72,0.0,44.41,1.0,153,26.56,30.51,321.05,6450.0,28815.0,14,1,2.0
1.01,21.66,0.0,44.32,2.0,147,25.17,30.54,281.29,5110.0,27350.0,15,1,1.0
1.02,21.64,2.0,44.28,1.0,145,24.43,30.97,279.92,4810.0,26835.0,15,1,1.0
1.01,21.53,0.0,44.37,1.0,147,29.14,31.21,277.36,4750.0,26745.0,15,1,1.0
1.0,21.45,0.0,44.32,1.0,146,30.88,31.12,275.53,4625.0,26780.0,15,1,1.0
1.0,21.39,0.0,44.25,1.0,145,31.63,30.62,277.35,4255.0,26655.0,15,1,1.0
0.99,21.3,0.0,44.29,1.0,144,30.35,30.2,272.11,4645.0,26795.0,15,1,1.0
0.98,21.22,0.0,44.24,1.0,144,32.04,30.56,276.22,4845.0,26525.0,15,1,1.0
0.98,21.16,0.0,44.09,1.0,143,32.82,30.57,281.52,5750.0,26530.0,15,1,1.0
0.98,21.12,0.0,43.99,1.0,141,31.47,30.26,277.51,6520.0,26665.0,15,1,1.0
0.97,21.06,0.0,43.89,1.0,140,30.28,29.6,281.69,6615.0,26915.0,15,1,1.0
0.97,21.0,0.0,43.99,1.0,138,28.56,29.5,280.14,6460.0,26635.0,16,1,1.0
0.96,20.93,0.0,44.97,1.0,136,26.89,29.23,272.14,7115.0,26900.0,16,1,1.0
0.96,20.84,0.0,45.4,1.0,133,25.99,29.12,264.05,7220.0,26960.0,16,1,1.0
0.96,20.8,0.0,45.3,1.0,130,27.13,29.76,275.97,7105.0,26700.0,16,1,1.0
0.95,20.72,0.0,45.24,1.0,130,25.95,30.05,278.58,7195.0,26545.0,16,1,1.0
0.94,20.65,0.0,45.09,1.0,132,27.01,29.84,290.58,7085.0,26620.0,16,1,1.0
0.94,20.55,0.0,45.05,1.0,136,28.63,29.52,293.21,6955.0,26755.0,16,1,1.0
0.93,20.47,0.0,44.94,1.0,139,28.16,29.14,301.33,7320.0,26890.0,15,1,1.0
0.93,20.4,0.0,45.27,1.0,140,29.71,28.93,308.28,7010.0,26980.0,14,1,1.0
0.92,20.35,0.0,45.2,1.0,140,32.82,29.06,326.25,6680.0,26920.0,14,1,1.0
0.91,20.26,0.0,45.05,1.0,143,32.05,28.94,326.36,6760.0,26980.0,14,1,1.0
0.91,20.2,0.0,44.94,1.0,141,34.27,29.7,331.69,6535.0,26685.0,14,1,1.0
0.9,20.09,0.0,44.71,1.0,145,32.36,29.04,318.9,6690.0,26915.0,14,1,1.0
0.9,20.03,0.0,45.25,1.0,143,31.26,29.23,306.74,6825.0,26820.0,14,1,1.0
0.89,19.94,0.0,45.46,1.0,147,31.07,28.76,303.71,7040.0,27530.0,14,1,1.0
0.88,19.85,0.0,45.27,1.0,147,31.02,29.66,315.03,7005.0,27415.0,14,1,1.0
0.88,19.78,0.0,45.1,1.0,147,29.76,29.71,312.74,7145.0,27380.0,14,1,1.0
0.87,19.69,0.0,44.93,1.0,148,29.07,29.82,312.19,7215.0,27330.0,14,1,1.0
0.87,19.66,0.0,44.84,1.0,149,28.67,30.2,317.51,7260.0,27495.0,14,1,1.0
0.87,19.62,0.0,44.75,1.0,148,31.27,30.76,339.02,7015.0,27590.0,13,1,1.0
0.87,19.57,0.0,44.64,1.0,152,33.7,31.08,366.72,6735.0,28445.0,13,1,1.0
0.86,19.5,0.0,44.75,1.0,157,34.21,30.77,365.42,6520.0,29240.0,13,1,1.0
0.86,19.43,0.0,44.82,1.0,156,34.08,30.78,358.06,6575.0,29240.0,13,1,1.0
0.85,19.37,0.0,45.3,1.0,157,33.57,30.39,351.67,6745.0,29500.0,12,1,1.0
0.85,19.32,0.0,45.21,1.0,157,34.57,30.58,353.06,6675.0,29750.0,12,1,1.0
0.85,19.27,0.0,45.09,1.0,155,33.96,30.99,348.23,6730.0,29580.0,12,1,1.0
0.84,19.2,0.0,44.9,1.0,157,33.08,31.06,337.09,6825.0,29570.0,12,1,1.0
0.84,19.14,0.0,44.85,1.0,158,31.77,30.87,325.84,6950.0,29645.0,12,1,1.0
0.83,19.11,0.0,46.35,1.0,158,31.71,30.8,330.19,7315.0,30035.0,12,1,1.0
0.83,19.06,0.0,47.47,1.0,158,30.42,30.83,319.72,7625.0,30250.0,11,1,1.0
0.83,18.99,0.0,47.39,1.0,161,31.0,30.94,330.99,7475.0,30515.0,10,1,1.0
0.83,18.97,0.0,47.33,1.0,158,30.93,31.5,330.76,6820.0,29455.0,10,1,1.0
0.83,18.96,1.0,47.3,1.0,153,30.46,32.09,325.75,6190.0,28550.0,10,1,1.0
0.82,18.92,0.0,47.25,1.0,153,30.17,31.86,325.22,5855.0,28320.0,10,1,1.0
0.82,18.88,0.0,47.12,1.0,151,30.89,32.04,331.33,5825.0,28275.0,10,1,1.0
0.82,18.85,0.0,47.18,1.0,149,37.11,32.77,331.93,5015.0,27965.0,10,1,1.0
0.82,18.81,0.0,47.24,1.0,146,41.38,33.28,343.24,4415.0,27710.0,10,1,1.0
0.81,18.75,0.0,47.84,1.0,146,42.07,33.57,330.72,4540.0,27735.0,10,1,1.0
0.81,18.68,0.0,47.85,1.0,147,44.03,34.37,327.55,4915.0,27360.0,10,1,1.0
0.8,18.56,0.0,47.93,1.0,155,39.77,33.6,318.01,5735.0,27605.0,10,1,1.0
0.8,18.51,0.0,47.81,1.0,153,41.6,34.02,317.89,5585.0,27145.0,10,1,1.0
0.79,18.44,0.0,47.82,1.0,156,42.27,33.71,309.38,5495.0,27235.0,10,1,1.0
0.79,18.39,0.0,47.68,1.0,152,42.23,35.05,312.75,5460.0,26735.0,10,1,1.0
0.78,18.31,0.0,47.67,1.0,156,41.32,35.72,309.54,5550.0,26435.0,10,1,1.0
0.78,18.26,0.0,47.55,1.0,154,45.55,37.16,318.72,4955.0,25650.0,10,1,1.0
0.78,18.21,0.0,47.68,1.0,152,44.88,37.93,315.24,5030.0,25385.0,10,1,1.0
0.77,18.18,0.0,47.6,1.0,149,52.41,39.12,329.06,4400.0,24860.0,10,1,1.0
0.77,18.13,0.0,47.45,1.0,148,51.02,39.81,335.78,4620.0,24550.0,10,1,1.0
0.77,18.1,0.0,47.41,1.0,148,54.2,40.16,344.64,4110.0,24085.0,10,1,1.0
0.77,18.06,0.0,47.39,1.0,149,53.64,40.58,339.87,4185.0,23905.0,10,1,1.0
0.77,18.03,0.0,47.3,1.0,148,58.08,41.46,351.34,3765.0,23465.0,11,1,1.0
0.76,18.01,0.0,47.24,1.0,145,58.14,42.86,350.44,3755.0,22885.0,12,1,1.0
0.76,17.98,0.0,47.15,1.0,142,61.15,44.37,355.78,3450.0,22260.0,12,1,1.0
0.76,17.94,0.0,47.15,1.0,140,59.36,45.41,345.01,3635.0,21750.0,12,1,1.0
0.76,17.91,0.0,47.15,1.0,140,62.54,46.27,331.13,3520.0,21395.0,12,1,1.0
0.76,17.87,0.0,48.21,1.0,140,59.5,46.15,306.67,4460.0,21815.0,12,1,1.0
0.76,17.84,0.0,48.16,1.0,136,60.89,47.26,311.35,4320.0,21400.0,12,1,1.0
0.75,17.8,0.0,48.03,1.0,136,55.74,47.69,310.14,4630.0,21145.0,12,1,1.0
0.75,17.77,0.0,47.94,1.0,136,55.19,48.5,311.85,4480.0,20050.0,12,1,1.0
0.75,17.73,0.0,47.99,1.0,137,52.91,49.61,314.68,4720.0,19355.0,12,1,1.0
0.75,17.68,0.0,47.98,1.0,135,51.19,50.37,320.53,4830.0,19105.0,12,1,1.0
0.74,17.65,0.0,47.84,1.0,137,48.53,50.16,310.38,5070.0,19645.0,12,1,1.0
0.74,17.6,0.0,47.68,1.0,142,51.64,50.44,324.66,4390.0,20015.0,13,1,1.0
0.0,0.0,0.0,0.0,999.0,0,100.0,100.0,0.0,0.0,0.0,0,2,28.0
0.0,0.0,0.0,90.0,28.0,1,100.0,22.92,0.0,0.0,370.0,8,2,1.0
14.0,19.8,-28.0,71.33,1.0,3,21.92,22.18,77.8,1119.0,1489.0,9,2,1.0
9.67,15.89,-27.0,68.5,1.0,4,17.45,18.41,46.35,1969.0,2339.0,9,2,1.0
7.5,13.67,-27.0,99.8,1.0,4,18.23,18.23,121.97,3129.0,3129.0,9,2,1.0
5.17,11.2,-28.0,99.86,1.0,6,17.4,17.4,124.73,4389.0,4389.0,9,2,1.0
2.91,8.34,-28.0,68.25,1.0,11,18.79,18.79,182.55,5489.0,5489.0,9,2,1.0
2.36,7.4,-28.0,60.6,1.0,14,20.04,20.04,209.65,6554.0,6554.0,9,2,1.0
1.89,6.53,-28.0,53.11,1.0,18,20.41,20.41,222.14,7674.0,7674.0,9,2,2.0
1.84,6.35,-27.0,53.95,2.0,19,22.25,21.33,277.52,7500.0,9469.0,10,2,1.0
1.85,6.18,-26.0,52.33,1.0,20,23.21,21.82,282.32,7410.0,10539.0,10,2,1.0
1.41,5.34,-28.0,51.82,1.0,27,24.35,22.07,290.81,7242.0,11631.0,10,2,1.0
1.34,5.16,-28.0,50.03,1.0,29,24.7,22.4,274.22,7217.0,12706.0,11,2,1.0
1.29,4.99,-28.0,48.47,1.0,31,21.91,21.1,263.91,7232.0,13786.0,11,2,1.0
1.24,4.83,-28.0,48.56,1.0,33,22.01,21.24,258.77,7222.0,14896.0,11,2,1.0
1.08,4.46,-28.0,52.78,1.0,39,21.6,20.87,247.46,7267.0,16111.0,11,2,1.0
1.02,4.3,-28.0,52.47,1.0,42,20.92,21.13,244.48,7712.0,17181.0,11,2,1.0
1.0,4.2,-28.0,51.13,1.0,44,22.15,21.96,250.81,7572.0,18111.0,11,2,1.0
0.96,4.06,-28.0,51.94,1.0,47,22.39,22.2,249.68,7532.0,19163.0,11,2,1.0
0.88,3.87,-28.0,55.06,1.0,52,21.26,21.97,237.87,7647.0,20353.0,11,2,1.0
0.87,3.8,-28.0,53.96,1.0,54,23.89,22.09,238.81,7647.0,21433.0,11,2,1.0
0.86,3.73,-28.0,54.44,1.0,56,24.06,22.17,229.33,7627.0,22523.0,11,2,1.0
0.86,3.7,-27.0,53.84,1.0,57,27.29,22.88,252.57,7312.0,23423.0,11,2,1.0
0.86,3.66,-27.0,53.78,1.0,58,28.69,23.37,247.21,7177.0,24358.0,11,2,1.0
0.85,3.6,-28.0,52.67,1.0,60,27.78,23.63,242.35,7267.0,25378.0,11,2,1.0
0.83,3.52,-28.0,52.23,1.0,63,28.4,23.92,240.77,7215.0,26378.0,11,2,1.0
0.83,3.49,-27.0,52.2,1.0,64,29.74,24.05,249.12,7070.0,27423.0,11,2,1.0
0.83,3.46,-27.0,52.32,1.0,65,29.19,23.95,240.61,7110.0,28543.0,11,2,1.0
0.81,3.39,-28.0,53.16,1.0,68,29.82,24.13,245.06,7045.0,29568.0,11,2,1.0
0.79,3.32,-28.0,54.29,1.0,71,28.39,24.22,233.04,7191.0,30614.0,11,2,1.0
0.79,3.29,-27.0,54.1,1.0,72,26.76,24.18,236.63,7356.0,31714.0,11,2,1.0
0.77,3.23,-28.0,53.28,1.0,73,25.81,24.2,232.69,7446.0,31705.0,11,2,1.0
0.76,3.17,-28.0,53.03,1.0,75,24.79,24.46,235.6,6821.0,31230.0,11,2,1.0
0.72,3.07,-28.0,51.71,1.0,79,23.27,24.4,227.1,6951.0,31245.0,11,2,3.0
0.73,3.06,-27.0,51.46,3.0,70,22.15,24.54,238.89,7070.0,31130.0,11,2,2.0
0.75,3.05,-25.0,51.56,2.0,66,20.17,24.31,214.51,7045.0,31025.0,11,2,1.0
0.76,3.02,-28.0,52.43,1.0,68,20.26,23.98,213.04,7805.0,31535.0,11,2,1.0
0.74,2.95,-28.0,52.6,1.0,71,20.77,23.84,207.11,7750.0,31585.0,11,2,1.0
0.72,2.89,-28.0,54.16,1.0,68,15.95,22.58,209.75,8490.0,32318.0,11,2,2.0
0.72,2.88,-27.0,54.16,2.0,65,14.22,22.83,214.71,7530.0,31428.0,11,2,1.0
0.72,2.84,-28.0,53.69,1.0,66,15.89,22.88,218.51,7585.0,31408.0,11,2,1.0
0.7,2.78,-28.0,53.79,1.0,64,15.96,22.95,232.02,7610.0,31368.0,11,2,1.0
0.7,2.76,-28.0,53.36,1.0,63,17.34,23.17,239.49,7462.0,31285.0,11,2,1.0
0.69,2.73,-28.0,52.56,1.0,63,17.82,22.88,253.33,7022.0,31035.0,11,2,1.0
0.69,2.71,-28.0,52.33,1.0,62,20.79,22.25,272.13,6607.0,31393.0,11,2,1.0
0.69,2.69,-27.0,52.04,1.0,58,18.45,21.94,275.97,7742.0,31603.0,11,2,1.0
0.67,2.64,-28.0,50.78,1.0,61,18.36,21.42,271.46,8172.0,31953.0,11,2,1.0
0.67,2.63,-27.0,50.81,1.0,60,18.12,21.37,267.16,8181.0,31962.0,11,2,1.0
0.67,2.61,-28.0,51.22,1.0,61,20.13,21.25,268.97,7926.0,31982.0,11,2,1.0
0.66,2.57,-28.0,54.63,1.0,63,17.99,20.63,260.47,8159.0,32267.0,11,2,1.0
0.65,2.53,-28.0,58.02,1.0,65,16.91,20.2,255.86,8679.0,32447.0,11,2,2.0
0.65,2.52,-27.0,58.19,2.0,62,23.12,20.42,235.56,7804.0,32337.0,11,2,1.0
0.63,2.45,-28.0,56.04,1.0,69,20.58,19.42,227.28,8179.0,33022.0,11,2,1.0
0.63,2.45,-27.0,55.77,1.0,67,21.27,19.37,226.78,7730.0,32647.0,11,2,1.0
0.62,2.41,-28.0,55.23,1.0,68,20.44,19.43,224.97,7852.0,32643.0,11,2,2.0
0.62,2.4,-27.0,55.01,2.0,65,23.31,19.69,242.62,7507.0,32508.0,11,2,1.0
0.63,2.39,-28.0,54.77,1.0,64,22.8,19.97,251.82,7582.0,33168.0,11,2,1.0
0.62,2.37,-28.0,55.52,1.0,61,21.51,20.09,240.35,7350.0,32736.0,11,2,2.0
0.62,2.36,-28.0,55.34,2.0,62,28.07,20.59,244.77,6845.0,32501.0,11,2,1.0
0.63,2.35,-28.0,56.34,1.0,64,27.81,20.65,257.21,6533.0,32106.0,11,2,1.0
0.63,2.33,-28.0,56.19,1.0,65,25.54,20.8,245.5,6748.0,32236.0,11,2,1.0
0.62,2.31,-28.0,56.72,1.0,68,26.3,21.03,249.2,6678.0,32141.0,11,2,1.0
0.6,2.27,-28.0,60.94,1.0,72,22.03,20.37,237.3,7594.0,32957.0,11,2,1.0
0.61,2.26,-27.0,60.66,1.0,69,22.38,20.44,248.39,7191.0,32177.0,11,2,2.0
0.59,2.23,-28.0,60.66,2.0,69,18.39,21.13,247.39,7379.0,32225.0,11,2,1.0
0.59,2.2,-28.0,60.26,1.0,74,17.43,21.27,237.94,7864.0,32440.0,11,2,1.0
0.58,2.18,-28.0,60.14,1.0,74,19.72,21.63,269.41,7624.0,32275.0,11,2,1.0
0.58,2.16,-28.0,59.97,1.0,73,18.95,21.7,252.2,7721.0,32252.0,11,2,1.0
0.58,2.16,-27.0,60.75,1.0,72,22.75,21.56,253.89,6450.0,31945.0,11,2,1.0
0.58,2.15,-27.0,61.64,1.0,71,21.74,21.29,239.01,6590.0,31745.0,10,2,1.0
0.58,2.13,-28.0,61.59,1.0,72,23.45,21.64,242.69,5927.0,31120.0,10,2,1.0
0.57,2.11,-28.0,60.96,1.0,75,23.44,22.25,231.38,5927.0,30410.0,10,2,1.0
0.57,2.1,-28.0,61.26,1.0,73,23.44,22.47,240.38,5552.0,29820.0,10,2,1.0
0.57,2.09,-28.0,61.12,1.0,74,22.26,22.71,210.06,5657.0,29751.0,10,2,1.0
0.57,2.08,-28.0,60.75,1.0,74,23.88,22.53,241.43,5525.0,29851.0,10,2,2.0
0.57,2.07,-28.0,60.38,2.0,69,21.73,22.56,274.57,6465.0,29531.0,11,2,1.0
0.57,2.06,-28.0,60.22,1.0,70,22.15,22.19,282.45,6805.0,29696.0,11,2,1.0
0.57,2.05,-28.0,59.87,1.0,72,21.87,21.94,292.76,7195.0,29801.0,11,2,1.0
0.56,2.03,-28.0,60.74,1.0,68,21.88,22.83,278.35,7212.0,28853.0,11,2,1.0
0.56,2.02,-28.0,61.03,1.0,69,20.31,22.45,270.24,7362.0,29383.0,11,2,1.0
0.56,2.0,-28.0,60.86,1.0,70,20.07,22.44,251.45,7387.0,29386.0,11,2,1.0
0.54,1.97,-28.0,60.72,1.0,75,22.61,22.16,243.46,7427.0,29521.0,11,2,1.0
0.54,1.96,-28.0,61.31,1.0,78,21.27,22.04,220.04,7552.0,29576.0,11,2,1.0
0.54,1.95,-28.0,61.56,1.0,78,21.86,21.94,201.73,7485.0,29599.0,11,2,1.0
0.54,1.94,-28.0,62.04,1.0,78,21.79,22.01,191.58,7495.0,29946.0,11,2,1.0
0.54,1.93,-28.0,61.48,1.0,79,23.93,21.97,204.48,7653.0,30006.0,11,2,1.0
0.54,1.93,-27.0,61.3,1.0,80,25.0,21.76,200.04,7543.0,30081.0,11,2,1.0
0.54,1.92,-28.0,61.2,1.0,80,24.86,21.88,219.91,7558.0,30411.0,11,2,1.0
0.54,1.91,-27.0,61.05,1.0,79,25.26,22.16,230.82,7161.0,29934.0,11,2,1.0
0.54,1.9,-28.0,61.35,1.0,80,25.53,21.96,228.7,7141.0,30039.0,11,2,1.0
0.53,1.88,-28.0,60.35,1.0,80,25.04,22.72,247.33,7184.0,29189.0,11,2,1.0
0.52,1.86,-28.0,60.3,1.0,83,24.13,22.48,252.16,7254.0,30009.0,11,2,1.0
0.52,1.85,-28.0,59.79,1.0,81,23.6,23.06,260.71,7299.0,29621.0,11,2,1.0
0.52,1.84,-28.0,59.41,1.0,84,25.01,23.35,298.55,7164.0,29866.0,11,2,1.0
0.51,1.83,-28.0,58.87,1.0,83,24.52,23.62,279.5,7194.0,29741.0,11,2,1.0
0.51,1.81,-28.0,59.78,1.0,84,22.32,22.77,257.06,7696.0,30006.0,11,2,1.0
0.5,1.8,-28.0,59.8,1.0,86,23.72,23.13,269.26,7531.0,29849.0,11,2,1.0
0.5,1.79,-28.0,60.82,1.0,87,23.06,22.8,244.59,7650.0,30389.0,11,2,1.0
0.51,1.79,-27.0,60.67,1.0,87,23.86,22.95,241.23,7590.0,31009.0,11,2,1.0
0.51,1.78,-28.0,60.48,1.0,86,24.35,23.29,241.35,7535.0,31229.0,11,2,1.0
0.51,1.78,-28.0,60.83,1.0,84,21.19,22.82,225.85,8010.0,31949.0,11,2,1.0
0.51,1.77,-27.0,60.68,1.0,82,21.65,23.21,237.08,7595.0,31784.0,11,2,2.0
0.51,1.77,-27.0,60.56,2.0,79,23.85,23.17,270.04,7475.0,31799.0,11,2,2.0
0.51,1.76,-28.0,60.34,2.0,81,24.89,23.67,291.0,7330.0,31874.0,11,2,1.0
0.5,1.74,-28.0,61.67,1.0,86,22.53,23.38,262.57,7605.0,32029.0,11,2,1.0
0.5,1.73,-28.0,62.17,1.0,88,24.0,23.3,242.49,7315.0,32069.0,11,2,1.0
0.49,1.72,-28.0,61.55,1.0,89,23.93,23.69,242.92,7690.0,32262.0,11,2,1.0
0.49,1.71,-28.0,61.09,1.0,91,22.95,23.75,229.64,7775.0,32227.0,11,2,1.0
0.49,1.7,-28.0,61.1,1.0,89,21.74,23.54,217.44,7900.0,32312.0,11,2,1.0
0.49,1.69,-28.0,61.62,1.0,86,20.39,23.17,199.69,8085.0,32527.0,11,2,1.0
0.49,1.68,-28.0,61.17,1.0,87,20.04,23.34,202.8,8130.0,32452.0,11,2,1.0
0.48,1.67,-28.0,60.56,1.0,89,21.77,23.32,232.58,7920.0,32464.0,11,2,1.0
0.48,1.67,-28.0,60.43,1.0,89,21.01,23.08,221.11,8005.0,32579.0,11,2,1.0
0.48,1.66,-28.0,60.31,1.0,88,20.31,22.83,211.18,8070.0,32679.0,11,2,1.0
0.48,1.66,-28.0,60.07,1.0,89,21.55,22.95,222.34,7955.0,32639.0,11,2,1.0
0.48,1.65,-28.0,59.77,1.0,89,22.38,22.95,223.27,7880.0,32634.0,11,2,1.0
0.48,1.65,-28.0,59.59,1.0,90,24.16,22.94,231.68,7640.0,33006.0,11,2,1.0
0.48,1.64,-28.0,59.39,1.0,88,23.47,22.89,233.9,7692.0,33003.0,11,2,1.0
0.48,1.63,-28.0,59.37,1.0,85,23.51,22.97,229.5,7687.0,32967.0,11,2,1.0
0.48,1.62,-28.0,59.32,1.0,86,24.02,23.07,236.05,7602.0,32927.0,11,2,1.0
0.48,1.62,-27.0,59.2,1.0,84,24.98,23.2,234.73,7492.0,32872.0,11,2,1.0
0.48,1.62,-27.0,59.08,1.0,82,25.39,23.08,248.64,7437.0,32912.0,11,2,1.0
0.48,1.61,-28.0,58.87,1.0,81,24.44,22.95,247.68,7532.0,32972.0,11,2,1.0
0.48,1.61,-28.0,58.55,1.0,80,24.19,23.4,259.98,7557.0,32867.0,11,2,1.0
0.48,1.6,-28.0,59.9,1.0,78,24.27,23.0,252.04,7605.0,33077.0,11,2,1.0
0.47,1.59,-28.0,59.55,1.0,81,24.65,23.33,256.2,7575.0,32892.0,11,2,1.0
0.47,1.58,-28.0,59.16,1.0,84,25.34,23.41,267.31,7525.0,32862.0,11,2,1.0
0.47,1.57,-28.0,58.75,1.0,86,24.54,23.26,283.46,7611.0,32948.0,11,2,1.0
0.46,1.56,-28.0,58.51,1.0,91,20.73,22.93,256.25,8073.0,32975.0,11,2,1.0
0.46,1.55,-28.0,58.3,1.0,92,21.43,22.86,262.18,7632.0,33009.0,11,2,1.0
0.46,1.55,-28.0,58.0,1.0,95,21.27,22.76,251.09,7651.0,33053.0,11,2,1.0
0.46,1.54,-28.0,57.85,1.0,100,22.82,22.78,255.24,7461.0,33063.0,11,2,1.0
0.46,1.54,-27.0,57.74,1.0,97,23.57,23.14,256.45,7386.0,32908.0,11,2,1.0
0.46,1.53,-28.0,57.48,1.0,100,23.5,23.11,264.15,7396.0,32928.0,11,2,2.0
0.46,1.53,-27.0,57.75,2.0,90,25.68,23.34,213.92,7128.0,32788.0,11,2,1.0
0.46,1.53,-28.0,58.0,1.0,87,24.73,23.07,189.24,7604.0,32923.0,11,2,1.0
0.46,1.52,-28.0,58.07,1.0,86,25.45,23.34,191.03,7535.0,32813.0,11,2,1.0
0.46,1.52,-28.0,58.18,1.0,86,24.89,23.49,192.9,7590.0,32753.0,11,2,2.0
0.46,1.51,-28.0,58.08,2.0,81,22.04,23.55,154.39,7940.0,32738.0,11,2,2.0
0.46,1.51,-28.0,57.7,2.0,79,21.13,23.39,191.4,7895.0,32678.0,11,2,2.0
0.46,1.5,-28.0,57.62,2.0,77,21.35,23.29,219.39,7852.0,32710.0,11,2,1.0
0.46,1.5,-28.0,57.41,1.0,79,20.3,23.02,206.7,7952.0,32825.0,11,2,1.0
0.46,1.49,-28.0,57.45,1.0,82,20.5,22.79,207.74,7937.0,32925.0,11,2,1.0
0.46,1.49,-28.0,57.53,1.0,82,21.49,23.08,213.13,7757.0,32803.0,11,2,1.0
0.46,1.48,-28.0,58.15,1.0,83,18.76,22.55,201.08,8307.0,33293.0,11,2,1.0
0.46,1.48,-28.0,58.55,1.0,80,20.51,22.52,213.17,8247.0,33323.0,11,2,2.0
0.46,1.47,-28.0,58.41,2.0,80,21.41,22.33,218.85,7795.0,33068.0,11,2,1.0
0.46,1.47,-28.0,58.67,1.0,80,21.42,22.3,221.53,7795.0,33088.0,11,2,1.0
0.46,1.47,-28.0,58.36,1.0,81,20.0,21.78,233.7,8055.0,33423.0,11,2,1.0
0.46,1.46,-28.0,58.55,1.0,80,18.46,21.73,235.3,7840.0,33038.0,11,2,1.0
0.46,1.46,-28.0,59.52,1.0,79,19.29,21.34,238.39,7518.0,33236.0,11,2,1.0
0.45,1.45,-28.0,59.53,1.0,78,16.99,20.61,221.14,7533.0,33331.0,11,2,1.0
0.45,1.45,-28.0,59.36,1.0,76,15.23,20.29,193.37,7708.0,33460.0,11,2,1.0
0.45,1.45,-28.0,59.99,1.0,71,15.32,21.07,185.25,8038.0,33033.0,11,2,1.0
0.45,1.44,-28.0,60.06,1.0,73,15.85,21.03,192.2,7973.0,33429.0,11,2,1.0
0.45,1.44,-27.0,59.94,1.0,70,18.61,21.23,189.96,7568.0,33340.0,11,2,1.0
0.45,1.43,-28.0,61.54,1.0,69,18.18,20.7,178.32,8093.0,33670.0,11,2,1.0
0.45,1.43,-28.0,63.14,1.0,70,17.94,20.08,170.56,8200.0,34050.0,11,2,1.0
0.45,1.43,-28.0,62.95,1.0,70,19.94,19.75,171.22,8250.0,34185.0,11,2,1.0
0.45,1.42,-28.0,62.63,1.0,73,21.94,20.1,191.47,8080.0,34035.0,11,2,1.0
0.45,1.42,-28.0,62.64,1.0,75,20.09,19.76,193.37,8290.0,34195.0,11,2,1.0
0.45,1.41,-28.0,62.44,1.0,76,21.17,20.15,189.62,8200.0,34025.0,11,2,1.0
0.45,1.4,-28.0,61.97,1.0,79,20.66,20.09,186.6,8250.0,34055.0,11,2,1.0
0.44,1.4,-28.0,61.8,1.0,80,21.66,19.91,192.84,8040.0,34120.0,11,2,1.0
0.44,1.4,-28.0,61.65,1.0,80,23.01,20.11,203.92,7410.0,33655.0,11,2,2.0
0.44,1.39,-28.0,61.58,2.0,79,22.75,19.81,212.09,7485.0,33775.0,11,2,2.0
0.44,1.39,-28.0,61.35,2.0,82,20.62,19.94,207.11,7715.0,33895.0,11,2,1.0
0.45,1.39,-26.0,61.57,1.0,83,19.03,19.56,201.83,7855.0,34058.0,11,2,1.0
0.45,1.39,-27.0,61.48,1.0,80,17.31,19.25,203.42,8015.0,34183.0,11,2,1.0
0.45,1.38,-28.0,61.51,1.0,78,15.92,19.1,200.82,8130.0,33848.0,11,2,1.0
0.45,1.38,-27.0,61.42,1.0,77,15.45,18.84,208.29,8170.0,33953.0,11,2,1.0
0.45,1.38,-28.0,61.33,1.0,75,16.0,19.21,220.67,8085.0,33553.0,11,2,1.0
0.45,1.38,-28.0,61.49,1.0,75,18.35,19.44,244.42,7850.0,33463.0,11,2,1.0
0.45,1.38,-27.0,61.41,1.0,74,18.94,19.31,240.98,7770.0,33508.0,11,2,2.0
0.45,1.37,-28.0,61.42,2.0,74,22.42,19.44,243.02,7435.0,33823.0,11,2,1.0
0.45,1.37,-28.0,61.31,1.0,72,22.91,19.81,241.05,7755.0,33548.0,11,2,11.0
0.45,1.37,-27.0,61.67,11.0,42,100.0,20.63,0.0,0.0,21430.0,10,2,1.0
0.47,1.45,-28.0,62.18,1.0,43,21.47,20.88,113.15,1155.0,21365.0,10,2,1.0
0.47,1.44,-27.0,62.11,1.0,41,19.95,20.27,161.35,1945.0,21140.0,10,2,1.0
0.47,1.44,-28.0,62.12,1.0,40,16.38,19.38,153.31,3230.0,21360.0,10,2,1.0
0.47,1.44,-28.0,62.55,1.0,38,15.23,18.93,149.48,4495.0,21490.0,10,2,1.0
0.47,1.43,-27.0,62.67,1.0,37,16.31,18.76,141.73,5705.0,21990.0,10,2,1.0
0.47,1.43,-28.0,62.91,1.0,36,15.38,18.12,139.88,7035.0,22220.0,10,2,1.0
0.47,1.43,-28.0,62.74,1.0,41,16.43,18.39,150.67,8160.0,22105.0,10,2,1.0
0.47,1.42,-28.0,62.97,1.0,39,16.16,18.83,159.52,8160.0,21965.0,10,2,1.0
0.47,1.42,-28.0,62.63,1.0,43,17.46,19.13,156.92,8445.0,21870.0,10,2,1.0
0.46,1.41,-28.0,62.26,1.0,47,20.05,19.74,173.06,8202.0,21707.0,11,2,1.0
0.46,1.4,-28.0,62.03,1.0,53,21.66,20.46,187.58,8052.0,21527.0,11,2,1.0
0.46,1.4,-28.0,61.76,1.0,54,21.44,20.7,197.35,7987.0,21847.0,11,2,2.0
0.46,1.4,-28.0,61.92,2.0,53,21.65,20.49,212.95,7892.0,21912.0,11,2,1.0
0.46,1.39,-28.0,61.8,1.0,54,21.19,19.92,210.78,7927.0,22042.0,11,2,2.0
0.46,1.39,-28.0,61.82,2.0,52,18.96,19.25,207.75,8155.0,22222.0,11,2,1.0
0.46,1.39,-28.0,61.72,1.0,54,19.15,19.26,204.11,8130.0,22222.0,11,2,1.0
0.46,1.39,-28.0,61.55,1.0,54,19.17,19.29,208.89,8135.0,22227.0,11,2,1.0
